od_id,from_zone_id,to_zone_id,is_observed
1,1,9,TRUE
2,1,11,TRUE
3,1,22,TRUE
4,1,24,TRUE
5,2,9,TRUE
6,2,11,TRUE
7,2,22,TRUE
8,2,24,TRUE
9,7,9,TRUE
10,7,11,TRUE
11,7,22,TRUE
12,7,24,TRUE
13,13,9,TRUE
14,13,11,TRUE
15,13,22,TRUE
16,13,24,TRUE
17,20,9,TRUE
18,20,11,TRUE
19,20,22,TRUE
20,20,24,TRUE
